{
    "camera": {
        "mode": "Y-Polar",
        "pose": {
            "r": 30.712000000000046,
            "alt": 0.2450000000000008,
            "azi": 4.64568530717955
        },
        "projection": {
            "far": 1000,
            "fov": 45,
            "near": 0.01
        },
        "sensitivity": {
            "draggingSensitivity": 0.001,
            "movementSpeed": 6
        }
    },
    "shaders": {}
}