{
    "deltaT": 0.016666666666666666,
    "models": {
        "collisions": {
            "compute": true,
            "e": 1
        },
        "drag": {
            "compute": false,
            "rho": 1.225
        },
        "eForce": {
            "E": {
                "x": 0,
                "y": 0,
                "z": 0
            },
            "E0": 8.854187817e-12,
            "compute": true
        },
        "gravity": {
            "G": 6.6743015e-11,
            "compute": false,
            "g": {
                "x": 0,
                "y": -9.81,
                "z": 0
            }
        },
        "mForce": {
            "B": {
                "x": 0,
                "y": 0,
                "z": 0
            },
            "M0": 1.256637061272e-06,
            "compute": true
        },
        "solvers": {
            "algorithm": 0,
            "intergrator": 0
        }
    },
    "noOfFrames": 1000,
    "objects": {
        "Unnamed": {
            "charge": 0.001,
            "colour": [
                0,
                0,
                1
            ],
            "dragCoef": 0.5,
            "dtype": 0,
            "mass": 1,
            "position": [
                -2.9596887594639516,
                0,
                0
            ],
            "radius": 1,
            "velocity": [
                -0.7106901485244902,
                0,
                0
            ]
        },
        "Unnamed2": {
            "charge": -0.001,
            "colour": [
                1,
                0.14901960784313725,
                0
            ],
            "dragCoef": 0.5,
            "dtype": 0,
            "mass": 1,
            "position": [
                3.7050702639962902,
                0,
                0
            ],
            "radius": 1,
            "velocity": [
                0.7106901485244902,
                0,
                0
            ]
        }
    },
    "stepsPerFrame": 100
}