{
    "deltaT": 0.01,
    "models": {
        "collisions": {
            "compute": true,
            "e": 0.5
        },
        "eForce": {
            "E0": 8.854187817e-12,
            "compute": false
        },
        "gravity": {
            "G": 6.6743015e-11,
            "compute": false
        },
        "mForce": {
            "M0": 1.256637061272e-06,
            "compute": false
        }
    },
    "noOfFrames": 1000,
    "objects": {
        "Unnamed": {
            "charge": 0.1,
            "colour": [
                0,
                0,
                1
            ],
            "dtype": 0,
            "mass": 2,
            "position": [
                -2.5395560968466513,
                0,
                0
            ],
            "radius": 1,
            "velocity": [
                4,
                0,
                0
            ]
        },
        "Unnamed2": {
            "charge": 0.1,
            "colour": [
                0,
                0.9764705882352941,
                0
            ],
            "dtype": 0,
            "mass": 3,
            "position": [
                0,
                0,
                0
            ],
            "radius": 1,
            "velocity": [
                -2,
                0,
                0
            ]
        },
        "Unnamed3": {
            "charge": 0.1,
            "colour": [
                1,
                0.14901960784313725,
                0
            ],
            "dimentions": [
                5,
                5
            ],
            "dtype": 1,
            "orientation": [
                0,
                1.0471975511965976,
                0
            ],
            "position": [
                4.413906354268367,
                0,
                0
            ]
        }
    },
    "stepsPerFrame": 1000
}