{
    "camera": {
        "mode": "Y-Polar",
        "pose": {
            "r": 192.02481618945978,
            "alt": 1.3307963267948955,
            "azi": 5.1411677646161635
        },
        "projection": {
            "far": 1000,
            "fov": 45,
            "near": 0.01
        },
        "sensitivity": {
            "draggingSensitivity": 0.001,
            "movementSpeed": 6
        }
    },
    "shaders": {
        "mode": "basic"
    },
    "speed": 2
}