{
    "deltaT": 0.01,
    "models": {
        "collisions": true,
        "eForce": true,
        "gravity": true,
        "mForce": true
    },
    "noOfFrames": 1000,
    "objects": {
        "Unnamed": {
            "charge": 1e-06,
            "colour": [
                0,
                0,
                1
            ],
            "dtype": 0,
            "mass": 100,
            "position": [
                0,
                4.4776186632375135,
                0
            ],
            "radius": 1,
            "velocity": [
                0,
                0,
                0
            ]
        },
        "Unnamed2": {
            "charge": 0.01,
            "colour": [
                0.5686274509803921,
                0.5686274509803921,
                0.5686274509803921
            ],
            "dimentions": [
                36,
                28
            ],
            "dtype": 1,
            "orientation": [
                0,
                0,
                0
            ],
            "position": [
                0,
                0,
                0
            ]
        },
        "Unnamed3": {
            "charge": 0,
            "colour": [
                0,
                0,
                1
            ],
            "dtype": 0,
            "mass": 1000000000000,
            "position": [
                0,
                -2.7517750753762744,
                0
            ],
            "radius": 1,
            "velocity": [
                0,
                0,
                0
            ]
        },
        "Unnamed_copy": {
            "charge": -1e-06,
            "colour": [
                0,
                0.9764705882352941,
                0
            ],
            "dtype": 0,
            "mass": 100,
            "position": [
                2,
                2.4776186632375135,
                0
            ],
            "radius": 0.7,
            "velocity": [
                0,
                2,
                0
            ]
        },
        "Unnamed_copy_copy": {
            "charge": -1e-06,
            "colour": [
                0.5803921568627451,
                0.06666666666666667,
                0
            ],
            "dtype": 0,
            "mass": 100,
            "position": [
                -2.0103231531480645,
                3.292357219775494,
                -3.9204834927224184
            ],
            "radius": 1,
            "velocity": [
                0,
                0,
                0
            ]
        }
    },
    "stepsPerFrame": 100
}