{
    "camera": {
        "mode": "Y-Polar",
        "pose": {
            "alt": 0.8982963267948968,
            "azi": 3.7311677646161563,
            "r": 192.02481618945978
        },
        "projection": {
            "far": 1000,
            "fov": 45,
            "near": 0.01
        },
        "sensitivity": {
            "draggingSensitivity": 0.001,
            "movementSpeed": 6
        }
    },
    "shaders": {
        "mode": "basic"
    }
}