{
    "deltaT": 0.01,
    "models": {
        "collisions": {
            "compute": true,
            "e": 1
        },
        "drag": {
            "compute": true,
            "rho": 0.001225
        },
        "eForce": {
            "E": {
                "x": 0,
                "y": 0,
                "z": 0
            },
            "E0": 8.854187817e-12,
            "compute": true
        },
        "gravity": {
            "G": 6.6743015e-11,
            "compute": true,
            "g": {
                "x": 0,
                "y": -9.81,
                "z": 0
            }
        },
        "mForce": {
            "B": {
                "x": 0,
                "y": 0,
                "z": 0
            },
            "M0": 1.256637061272e-06,
            "compute": true
        }
    },
    "noOfFrames": 1000,
    "objects": {
        "Unnamed": {
            "charge": 0.001,
            "colour": [
                0,
                0,
                1
            ],
            "dragCoef": 0.5,
            "dtype": 0,
            "mass": 1,
            "position": [
                5.013490082109964,
                0,
                0
            ],
            "radius": 1,
            "velocity": [
                0,
                0,
                0
            ]
        },
        "Unnamed10": {
            "charge": -0.001,
            "colour": [
                0,
                0,
                1
            ],
            "dragCoef": 0.5,
            "dtype": 0,
            "mass": 1,
            "position": [
                0,
                -4.8631053049565125,
                17.539231474565206
            ],
            "radius": 1,
            "velocity": [
                0,
                0,
                0
            ]
        },
        "Unnamed11": {
            "charge": 0,
            "colour": [
                0.6627450980392157,
                0.6627450980392157,
                0.6627450980392157
            ],
            "dimentions": [
                82,
                74
            ],
            "dtype": 1,
            "orientation": [
                0,
                0,
                0
            ],
            "position": [
                0,
                -41,
                0
            ]
        },
        "Unnamed12": {
            "charge": 0,
            "colour": [
                0.8352941176470589,
                0.8352941176470589,
                0.8352941176470589
            ],
            "dimentions": [
                76,
                122
            ],
            "dtype": 1,
            "orientation": [
                1.5707963267948966,
                0,
                -1.5707963267948966
            ],
            "position": [
                40,
                17,
                0
            ]
        },
        "Unnamed12_copy": {
            "charge": 0,
            "colour": [
                0.8352941176470589,
                0.8352941176470589,
                0.8352941176470589
            ],
            "dimentions": [
                85,
                116
            ],
            "dtype": 1,
            "orientation": [
                0,
                0,
                1.5707963267948966
            ],
            "position": [
                0,
                16,
                -37
            ]
        },
        "Unnamed12_copy2": {
            "charge": 0,
            "colour": [
                0.8352941176470589,
                0.8352941176470589,
                0.8352941176470589
            ],
            "dimentions": [
                76,
                119
            ],
            "dtype": 1,
            "orientation": [
                1.5707963267948966,
                0,
                1.5707963267948966
            ],
            "position": [
                -40,
                16,
                -1
            ]
        },
        "Unnamed13": {
            "charge": 0.01,
            "colour": [
                1,
                0.14901960784313725,
                0
            ],
            "dimentions": [
                82,
                117
            ],
            "dtype": 1,
            "orientation": [
                0,
                0,
                1.5707963267948966
            ],
            "position": [
                0,
                14,
                36
            ]
        },
        "Unnamed14": {
            "charge": 0.001,
            "colour": [
                0,
                0,
                1
            ],
            "dragCoef": 0.5,
            "dtype": 0,
            "mass": 1,
            "position": [
                0,
                12.435258858174294,
                -7.184079025765231
            ],
            "radius": 1,
            "velocity": [
                0,
                0,
                0
            ]
        },
        "Unnamed15": {
            "charge": 0.001,
            "colour": [
                0,
                0,
                1
            ],
            "dragCoef": 0.5,
            "dtype": 0,
            "mass": 1,
            "position": [
                16.503981505391796,
                0,
                0
            ],
            "radius": 1,
            "velocity": [
                0,
                0,
                0
            ]
        },
        "Unnamed16": {
            "charge": 0.001,
            "colour": [
                0,
                0,
                1
            ],
            "dragCoef": 0.5,
            "dtype": 0,
            "mass": 1,
            "position": [
                0,
                0,
                17.00479475001562
            ],
            "radius": 1,
            "velocity": [
                0,
                0,
                0
            ]
        },
        "Unnamed17": {
            "charge": 0.001,
            "colour": [
                0,
                0,
                1
            ],
            "dragCoef": 0.5,
            "dtype": 0,
            "mass": 1,
            "position": [
                7.755204857481875,
                4.244217823463902,
                4.202980462206259
            ],
            "radius": 1,
            "velocity": [
                0,
                0,
                0
            ]
        },
        "Unnamed18": {
            "charge": 0.001,
            "colour": [
                0,
                0,
                1
            ],
            "dragCoef": 0.5,
            "dtype": 0,
            "mass": 1,
            "position": [
                -6.4894464422748825,
                0,
                7.250422686469019
            ],
            "radius": 1,
            "velocity": [
                0,
                0,
                0
            ]
        },
        "Unnamed19": {
            "charge": 0.001,
            "colour": [
                0,
                0,
                1
            ],
            "dragCoef": 0.5,
            "dtype": 0,
            "mass": 1,
            "position": [
                0,
                0,
                -10.6283127999075
            ],
            "radius": 1,
            "velocity": [
                0,
                0,
                0
            ]
        },
        "Unnamed2": {
            "charge": 0.001,
            "colour": [
                0,
                0,
                1
            ],
            "dragCoef": 0.5,
            "dtype": 0,
            "mass": 1,
            "position": [
                -7.477871759238381,
                0,
                0
            ],
            "radius": 1,
            "velocity": [
                0,
                0,
                0
            ]
        },
        "Unnamed3": {
            "charge": -0.001,
            "colour": [
                0,
                0,
                1
            ],
            "dragCoef": 0.5,
            "dtype": 0,