{
    "camera": {
        "mode": "Y-Polar",
        "pose": {
            "r": 17.518551520785717,
            "alt": 0.5092982232017279,
            "azi": 5.900048353091368
        },
        "projection": {
            "far": 1000,
            "fov": 45,
            "near": 0.01
        },
        "sensitivity": {
            "draggingSensitivity": 0.001,
            "movementSpeed": 6
        }
    },
    "shaders": {
        "mode": "basic"
    }
}