{
    "camera": {
        "mode": "Y-Polar",
        "pose": {
            "r": 17.51855152078572,
            "alt": 0.5192982232017274,
            "azi": 6.075048353091358
        },
        "projection": {
            "far": 1000,
            "fov": 45,
            "near": 0.01
        },
        "sensitivity": {
            "draggingSensitivity": 0.001,
            "movementSpeed": 6
        }
    },
    "shaders": {
        "mode": "lighting"
    }
}