{
    "deltaT": 0.01,
    "models": {
        "collisions": {
            "compute": true,
            "e": 0.99
        },
        "eForce": {
            "E0": 8.854187817e-12,
            "compute": true
        },
        "gravity": {
            "G": 6.6743015e-11,
            "compute": true
        },
        "mForce": {
            "M0": 1.256637061272e-06,
            "compute": true
        }
    },
    "noOfFrames": 2000,
    "objects": {
        "Unnamed": {
            "charge": 0.001,
            "colour": [
                0.996078431372549,
                1,
                1
            ],
            "dtype": 0,
            "mass": 1,
            "position": [
                -2.2249243541617196,
                0,
                0
            ],
            "radius": 1,
            "velocity": [
                0,
                0,
                0
            ]
        },
        "Unnamed2": {
            "charge": -0.001,
            "colour": [
                0.4470588235294118,
                0.9882352941176471,
                0.8352941176470589
            ],
            "dtype": 0,
            "mass": 1,
            "position": [
                2.692900197729811,
                0,
                0
            ],
            "radius": 1,
            "velocity": [
                0,
                0,
                0
            ]
        }
    },
    "stepsPerFrame": 1000
}