{
    "camera": {
        "mode": "Y-Polar",
        "pose": {
            "r": 192.02481618945978,
            "alt": 1.1532963267948966,
            "azi": 5.228667764616159
        },
        "projection": {
            "far": 1000,
            "fov": 45,
            "near": 0.01
        },
        "sensitivity": {
            "draggingSensitivity": 0.001,
            "movementSpeed": 6
        }
    },
    "shaders": {
        "mode": "basic"
    }
}