{
    "camera": {
        "mode": "Y-Polar",
        "pose": {
            "r": 12.502000000000006,
            "alt": 0.7728981633974478,
            "azi": 0.9053981633974537
        },
        "projection": {
            "far": 1000,
            "fov": 45,
            "near": 0.01
        },
        "sensitivity": {
            "draggingSensitivity": 0.001,
            "movementSpeed": 6
        }
    },
    "shaders": {}
}