{
    "camera": {
        "mode": "Y-Polar",
        "pose": {
            "r": 15.400000000000011,
            "alt": 0.25999999999999973,
            "azi": -0.7040926535897917
        }
    }
}