{
    "camera": {
        "mode": "Y-Polar",
        "pose": {
            "r": 190.01131796908254,
            "alt": 0.9782963267948996,
            "azi": 1.2936677646162007
        },
        "projection": {
            "far": 1000,
            "fov": 45,
            "near": 0.01
        },
        "sensitivity": {
            "draggingSensitivity": 0.001,
            "movementSpeed": 6
        }
    },
    "shaders": {
        "mode": "basic"
    }
}